fund_id,fund_name,asset_class,benchmark,month,year,quarter,aum_gbp_mm,monthly_return_pct,benchmark_return_pct,active_return_bps,net_flows_gbp_mm,mgmt_fee_income_gbp_k,mgmt_fee_pct,sharpe_ratio_ttm,volatility_pct
F001,UK Equity Growth Fund,Equity,FTSE 100,2022-01-01,2022,Q1,850.96,-0.891,-0.507,-38.4,4.66,0.53,0.75,0.583,11.13
F001,UK Equity Growth Fund,Equity,FTSE 100,2022-02-01,2022,Q1,858.75,0.222,3.976,-375.4,2.88,0.54,0.75,0.712,17.24
F001,UK Equity Growth Fund,Equity,FTSE 100,2022-03-01,2022,Q1,855.08,-0.207,0.864,-107.1,8.99,0.53,0.75,0.59,13.51
F001,UK Equity Growth Fund,Equity,FTSE 100,2022-04-01,2022,Q2,877.75,0.96,-3.98,494.0,-10.12,0.55,0.75,0.421,15.5
F001,UK Equity Growth Fund,Equity,FTSE 100,2022-05-01,2022,Q2,886.09,1.415,2.013,-59.8,2.92,0.55,0.75,0.855,14.55
F001,UK Equity Growth Fund,Equity,FTSE 100,2022-06-01,2022,Q2,896.35,1.25,1.076,17.4,-3.74,0.56,0.75,0.587,21.34
F001,UK Equity Growth Fund,Equity,FTSE 100,2022-07-01,2022,Q3,865.63,-3.717,3.219,-693.6,13.41,0.54,0.75,0.626,6.31
F001,UK Equity Growth Fund,Equity,FTSE 100,2022-08-01,2022,Q3,851.39,-1.686,-5.294,360.8,4.03,0.53,0.75,0.795,21.29
F001,UK Equity Growth Fund,Equity,FTSE 100,2022-09-01,2022,Q3,868.89,1.565,-2.939,450.4,1.44,0.54,0.75,0.837,9.11
F001,UK Equity Growth Fund,Equity,FTSE 100,2022-10-01,2022,Q4,854.55,-2.248,-4.672,242.4,5.33,0.53,0.75,0.715,12.67
F001,UK Equity Growth Fund,Equity,FTSE 100,2022-11-01,2022,Q4,890.87,3.943,0.32,362.3,11.82,0.56,0.75,0.643,19.81
F001,UK Equity Growth Fund,Equity,FTSE 100,2022-12-01,2022,Q4,891.92,-0.76,-0.088,-67.2,-7.03,0.56,0.75,0.854,14.76
F001,UK Equity Growth Fund,Equity,FTSE 100,2023-01-01,2023,Q1,839.01,-5.772,2.343,-811.5,15.8,0.52,0.75,0.386,10.29
F001,UK Equity Growth Fund,Equity,FTSE 100,2023-02-01,2023,Q1,885.41,4.862,-0.233,509.5,-7.93,0.55,0.75,0.871,12.01
F001,UK Equity Growth Fund,Equity,FTSE 100,2023-03-01,2023,Q1,952.32,7.991,4.491,350.0,15.97,0.6,0.75,0.23,15.96
F001,UK Equity Growth Fund,Equity,FTSE 100,2023-04-01,2023,Q2,992.04,3.541,3.125,41.6,-2.17,0.62,0.75,0.602,20.08
F001,UK Equity Growth Fund,Equity,FTSE 100,2023-05-01,2023,Q2,986.6,-0.673,-3.806,313.3,13.58,0.62,0.75,0.639,7.53
F001,UK Equity Growth Fund,Equity,FTSE 100,2023-06-01,2023,Q2,1011.97,2.632,2.21,42.2,11.07,0.63,0.75,0.969,14.44
F001,UK Equity Growth Fund,Equity,FTSE 100,2023-07-01,2023,Q3,1050.06,2.936,1.664,127.2,2.95,0.66,0.75,0.78,16.78
F001,UK Equity Growth Fund,Equity,FTSE 100,2023-08-01,2023,Q3,1038.96,-1.402,2.165,-356.7,-2.86,0.65,0.75,0.401,14.07
F001,UK Equity Growth Fund,Equity,FTSE 100,2023-09-01,2023,Q3,1037.32,-0.33,2.335,-266.5,5.9,0.65,0.75,0.506,13.6
F001,UK Equity Growth Fund,Equity,FTSE 100,2023-10-01,2023,Q4,1087.81,3.689,2.122,156.7,20.13,0.68,0.75,0.573,11.6
F001,UK Equity Growth Fund,Equity,FTSE 100,2023-11-01,2023,Q4,1159.02,6.7,7.278,-57.8,-3.53,0.72,0.75,0.666,10.87
F001,UK Equity Growth Fund,Equity,FTSE 100,2023-12-01,2023,Q4,1168.92,0.555,6.896,-634.1,15.94,0.73,0.75,1.441,8.52
F001,UK Equity Growth Fund,Equity,FTSE 100,2024-01-01,2024,Q1,1143.8,-2.712,2.544,-525.6,-10.82,0.71,0.75,0.541,16.96
F001,UK Equity Growth Fund,Equity,FTSE 100,2024-02-01,2024,Q1,1159.51,1.486,2.071,-58.5,19.01,0.72,0.75,0.34,8.63
F001,UK Equity Growth Fund,Equity,FTSE 100,2024-03-01,2024,Q1,1186.25,1.669,2.414,-74.5,-7.26,0.74,0.75,0.811,2.75
F001,UK Equity Growth Fund,Equity,FTSE 100,2024-04-01,2024,Q2,1195.46,0.692,5.005,-431.3,10.01,0.75,0.75,0.481,18.11
F001,UK Equity Growth Fund,Equity,FTSE 100,2024-05-01,2024,Q2,1242.89,4.029,9.773,-574.4,0.22,0.78,0.75,1.229,18.03
F001,UK Equity Growth Fund,Equity,FTSE 100,2024-06-01,2024,Q2,1227.82,-2.399,2.656,-505.5,-8.79,0.77,0.75,0.632,11.59
F001,UK Equity Growth Fund,Equity,FTSE 100,2024-07-01,2024,Q3,1246.96,1.778,-2.639,441.7,9.94,0.78,0.75,0.848,11.24
F001,UK Equity Growth Fund,Equity,FTSE 100,2024-08-01,2024,Q3,1317.48,4.605,-0.656,526.1,-2.68,0.82,0.75,0.712,10.55
F001,UK Equity Growth Fund,Equity,FTSE 100,2024-09-01,2024,Q3,1313.78,-0.299,5.492,-579.1,1.44,0.82,0.75,0.334,11.5
F001,UK Equity Growth Fund,Equity,FTSE 100,2024-10-01,2024,Q4,1351.64,2.375,3.959,-158.4,-3.7,0.84,0.75,0.728,13.67
F001,UK Equity Growth Fund,Equity,FTSE 100,2024-11-01,2024,Q4,1356.03,0.384,1.518,-113.4,2.01,0.85,0.75,0.766,13.56
F001,UK Equity Growth Fund,Equity,FTSE 100,2024-12-01,2024,Q4,1311.2,-4.377,3.65,-802.7,17.23,0.82,0.75,0.842,4.33
F002,Global Bond Income Fund,Fixed Income,Bloomberg Agg,2022-01-01,2022,Q1,646.83,2.347,-1.108,345.5,4.35,0.24,0.45,0.467,12.45
F002,Global Bond Income Fund,Fixed Income,Bloomberg Agg,2022-02-01,2022,Q1,646.57,-0.211,-2.206,199.5,16.51,0.24,0.45,0.701,9.24
F002,Global Bond Income Fund,Fixed Income,Bloomberg Agg,2022-03-01,2022,Q1,652.46,0.82,-1.018,183.8,-3.09,0.24,0.45,0.454,16.92
F002,Global Bond Income Fund,Fixed Income,Bloomberg Agg,2022-04-01,2022,Q2,651.53,-0.19,-0.449,25.9,1.07,0.24,0.45,0.857,14.69
F002,Global Bond Income Fund,Fixed Income,Bloomberg Agg,2022-05-01,2022,Q2,652.81,-0.805,-1.974,116.9,1.63,0.24,0.45,1.043,21.12
F002,Global Bond Income Fund,Fixed Income,Bloomberg Agg,2022-06-01,2022,Q2,643.09,-0.938,-0.792,-14.6,-9.91,0.24,0.45,0.535,8.93
F002,Global Bond Income Fund,Fixed Income,Bloomberg Agg,2022-07-01,2022,Q3,643.39,-0.445,-0.809,36.4,-3.48,0.24,0.45,0.77,14.91
F002,Global Bond Income Fund,Fixed Income,Bloomberg Agg,2022-08-01,2022,Q3,659.8,1.624,-0.409,203.3,-4.34,0.25,0.45,0.856,12.01
F002,Global Bond Income Fund,Fixed Income,Bloomberg Agg,2022-09-01,2022,Q3,647.82,-1.706,-1.629,-7.7,-14.97,0.24,0.45,0.74,12.7
F002,Global Bond Income Fund,Fixed Income,Bloomberg Agg,2022-10-01,2022,Q4,654.23,-0.558,0.205,-76.3,-3.36,0.25,0.45,0.567,9.48
F002,Global Bond Income Fund,Fixed Income,Bloomberg Agg,2022-11-01,2022,Q4,650.75,0.01,0.198,-18.8,-7.69,0.24,0.45,0.83,14.11
F002,Global Bond Income Fund,Fixed Income,Bloomberg Agg,2022-12-01,2022,Q4,671.58,1.602,-0.365,196.7,1.3,0.25,0.45,0.856,14.61
F002,Global Bond Income Fund,Fixed Income,Bloomberg Agg,2023-01-01,2023,Q1,703.56,2.981,0.174,280.7,-11.85,0.26,0.45,0.771,6.12
F002,Global Bond Income Fund,Fixed Income,Bloomberg Agg,2023-02-01,2023,Q1,683.27,-3.608,-0.784,-282.4,-4.95,0.26,0.45,0.803,7.59
F002,Global Bond Income Fund,Fixed Income,Bloomberg Agg,2023-03-01,2023,Q1,701.86,1.585,-0.28,186.5,2.96,0.26,0.45,0.348,9.76
F002,Global Bond Income Fund,Fixed Income,Bloomberg Agg,2023-04-01,2023,Q2,700.85,0.175,0.831,-65.6,8.96,0.26,0.45,0.695,18.11
F002,Global Bond Income Fund,Fixed Income,Bloomberg Agg,2023-05-01,2023,Q2,701.43,0.206,-0.42,62.6,-13.21,0.26,0.45,0.911,6.67
F002,Global Bond Income Fund,Fixed Income,Bloomberg Agg,2023-06-01,2023,Q2,712.18,0.096,-1.117,121.3,2.59,0.27,0.45,1.025,4.11
F002,Global Bond Income Fund,Fixed Income,Bloomberg Agg,2023-07-01,2023,Q3,705.62,-0.835,-1.168,33.3,0.21,0.26,0.45,0.674,8.89
F002,Global Bond Income Fund,Fixed Income,Bloomberg Agg,2023-08-01,2023,Q3,713.88,1.803,0.541,126.2,2.85,0.27,0.45,0.397,15.19
F002,Global Bond Income Fund,Fixed Income,Bloomberg Agg,2023-09-01,2023,Q3,733.01,2.318,1.973,34.5,3.7,0.27,0.45,0.866,12.28
F002,Global Bond Income Fund,Fixed Income,Bloomberg Agg,2023-10-01,2023,Q4,733.98,-0.657,-1.579,92.2,5.31,0.28,0.45,0.882,12.0
F002,Global Bond Income Fund,Fixed Income,Bloomberg Agg,2023-11-01,2023,Q4,722.44,-1.434,-1.622,18.8,6.56,0.27,0.45,0.668,16.18
F002,Global Bond Income Fund,Fixed Income,Bloomberg Agg,2023-12-01,2023,Q4,740.06,1.45,0.02,143.0,-10.97,0.28,0.45,0.648,10.03
F002,Global Bond Income Fund,Fixed Income,Bloomberg Agg,2024-01-01,2024,Q1,750.96,0.318,0.693,-37.5,9.77,0.28,0.45,0.585,11.65
F002,Global Bond Income Fund,Fixed Income,Bloomberg Agg,2024-02-01,2024,Q1,756.14,-0.244,-0.443,19.9,10.22,0.28,0.45,1.17,19.92
F002,Global Bond Income Fund,Fixed Income,Bloomberg Agg,2024-03-01,2024,Q1,758.99,0.136,-0.31,44.6,10.71,0.28,0.45,0.273,20.02
F002,Global Bond Income Fund,Fixed Income,Bloomberg Agg,2024-04-01,2024,Q2,783.53,1.348,-1.322,267.0,-6.25,0.29,0.45,0.593,19.21
F002,Global Bond Income Fund,Fixed Income,Bloomberg Agg,2024-05-01,2024,Q2,788.88,-0.853,-0.704,-14.9,3.65,0.3,0.45,0.557,14.2
F002,Global Bond Income Fund,Fixed Income,Bloomberg Agg,2024-06-01,2024,Q2,781.4,-0.776,0.39,-116.6,3.33,0.29,0.45,0.755,18.95
F002,Global Bond Income Fund,Fixed Income,Bloomberg Agg,2024-07-01,2024,Q3,796.62,0.161,-0.031,19.2,12.96,0.3,0.45,0.854,5.28
F002,Global Bond Income Fund,Fixed Income,Bloomberg Agg,2024-08-01,2024,Q3,798.11,0.258,-1.675,193.3,2.82,0.3,0.45,0.574,8.81
F002,Global Bond Income Fund,Fixed Income,Bloomberg Agg,2024-09-01,2024,Q3,792.83,-0.864,-0.908,4.4,0.14,0.3,0.45,0.46,11.98
F002,Global Bond Income Fund,Fixed Income,Bloomberg Agg,2024-10-01,2024,Q4,800.05,0.996,0.153,84.3,-1.03,0.3,0.45,0.25,12.64
F002,Global Bond Income Fund,Fixed Income,Bloomberg Agg,2024-11-01,2024,Q4,811.74,1.517,0.633,88.4,2.58,0.3,0.45,0.688,8.87
F002,Global Bond Income Fund,Fixed Income,Bloomberg Agg,2024-12-01,2024,Q4,823.5,0.856,-0.122,97.8,-1.93,0.31,0.45,0.878,8.25
F003,ESG Multi-Asset Fund,Multi-Asset,MSCI World,2022-01-01,2022,Q1,413.46,-2.641,0.103,-274.4,5.54,0.29,0.85,0.423,17.04
F003,ESG Multi-Asset Fund,Multi-Asset,MSCI World,2022-02-01,2022,Q1,418.06,1.749,-0.32,206.9,-0.62,0.3,0.85,0.681,6.56
F003,ESG Multi-Asset Fund,Multi-Asset,MSCI World,2022-03-01,2022,Q1,430.3,0.007,-2.907,291.4,8.82,0.3,0.85,0.637,8.02
F003,ESG Multi-Asset Fund,Multi-Asset,MSCI World,2022-04-01,2022,Q2,417.51,-2.539,-6.199,366.0,7.32,0.3,0.85,0.695,13.4
F003,ESG Multi-Asset Fund,Multi-Asset,MSCI World,2022-05-01,2022,Q2,437.69,2.645,-1.971,461.6,-0.56,0.31,0.85,0.387,8.52
F003,ESG Multi-Asset Fund,Multi-Asset,MSCI World,2022-06-01,2022,Q2,420.93,-5.176,-4.133,-104.3,-13.81,0.3,0.85,0.322,5.0
F003,ESG Multi-Asset Fund,Multi-Asset,MSCI World,2022-07-01,2022,Q3,428.05,0.175,1.177,-100.2,1.01,0.3,0.85,0.775,9.67
F003,ESG Multi-Asset Fund,Multi-Asset,MSCI World,2022-08-01,2022,Q3,418.24,-3.142,-1.163,-197.9,2.13,0.3,0.85,0.567,14.73
F003,ESG Multi-Asset Fund,Multi-Asset,MSCI World,2022-09-01,2022,Q3,458.16,5.961,0.746,521.5,-0.97,0.32,0.85,0.475,18.51
F003,ESG Multi-Asset Fund,Multi-Asset,MSCI World,2022-10-01,2022,Q4,466.95,0.237,0.749,-51.2,-0.55,0.33,0.85,0.541,12.09
F003,ESG Multi-Asset Fund,Multi-Asset,MSCI World,2022-11-01,2022,Q4,471.0,-1.032,-3.306,227.4,-2.59,0.33,0.85,1.235,13.97
F003,ESG Multi-Asset Fund,Multi-Asset,MSCI World,2022-12-01,2022,Q4,460.15,-3.428,-0.082,-334.6,21.0,0.33,0.85,1.015,11.56
F003,ESG Multi-Asset Fund,Multi-Asset,MSCI World,2023-01-01,2023,Q1,461.08,-1.428,1.684,-311.2,2.34,0.33,0.85,0.482,3.27
F003,ESG Multi-Asset Fund,Multi-Asset,MSCI World,2023-02-01,2023,Q1,454.36,-1.411,2.742,-415.3,16.87,0.32,0.85,0.822,16.25
F003,ESG Multi-Asset Fund,Multi-Asset,MSCI World,2023-03-01,2023,Q1,450.76,-0.209,5.029,-523.8,6.64,0.32,0.85,0.395,11.01
F003,ESG Multi-Asset Fund,Multi-Asset,MSCI World,2023-04-01,2023,Q2,445.45,-1.772,4.749,-652.1,1.26,0.32,0.85,0.913,9.75
F003,ESG Multi-Asset Fund,Multi-Asset,MSCI World,2023-05-01,2023,Q2,472.11,2.914,0.984,193.0,-12.81,0.33,0.85,0.627,11.31
F003,ESG Multi-Asset Fund,Multi-Asset,MSCI World,2023-06-01,2023,Q2,477.66,0.771,-3.488,425.9,2.3,0.34,0.85,0.353,10.39
F003,ESG Multi-Asset Fund,Multi-Asset,MSCI World,2023-07-01,2023,Q3,473.16,-0.872,2.493,-336.5,2.38,0.34,0.85,0.576,11.79
F003,ESG Multi-Asset Fund,Multi-Asset,MSCI World,2023-08-01,2023,Q3,467.48,-2.238,-1.899,-33.9,-10.71,0.33,0.85,0.937,13.09
F003,ESG Multi-Asset Fund,Multi-Asset,MSCI World,2023-09-01,2023,Q3,456.43,-3.249,1.77,-501.9,0.58,0.32,0.85,0.397,10.7
F003,ESG Multi-Asset Fund,Multi-Asset,MSCI World,2023-10-01,2023,Q4,461.38,-1.552,1.175,-272.7,12.44,0.33,0.85,0.947,5.66
F003,ESG Multi-Asset Fund,Multi-Asset,MSCI World,2023-11-01,2023,Q4,455.83,-0.274,-1.023,74.9,12.27,0.32,0.85,0.797,24.14
F003,ESG Multi-Asset Fund,Multi-Asset,MSCI World,2023-12-01,2023,Q4,447.84,-2.603,-1.092,-151.1,8.57,0.32,0.85,0.464,3.88
F003,ESG Multi-Asset Fund,Multi-Asset,MSCI World,2024-01-01,2024,Q1,472.41,4.231,1.024,320.7,-10.99,0.33,0.85,0.472,12.78
F003,ESG Multi-Asset Fund,Multi-Asset,MSCI World,2024-02-01,2024,Q1,486.17,2.018,-0.724,274.2,19.64,0.34,0.85,0.645,15.07
F003,ESG Multi-Asset Fund,Multi-Asset,MSCI World,2024-03-01,2024,Q1,510.43,4.201,2.787,141.4,-4.02,0.36,0.85,0.925,9.3
F003,ESG Multi-Asset Fund,Multi-Asset,MSCI World,2024-04-01,2024,Q2,507.37,-0.55,4.49,-504.0,9.49,0.36,0.85,0.356,9.72
F003,ESG Multi-Asset Fund,Multi-Asset,MSCI World,2024-05-01,2024,Q2,525.79,2.385,3.474,-108.9,-3.19,0.37,0.85,0.27,17.21
F003,ESG Multi-Asset Fund,Multi-Asset,MSCI World,2024-06-01,2024,Q2,530.79,0.563,0.674,-11.1,15.96,0.38,0.85,0.422,7.78
F003,ESG Multi-Asset Fund,Multi-Asset,MSCI World,2024-07-01,2024,Q3,538.13,-1.079,-1.873,79.4,-2.17,0.38,0.85,0.479,7.09
F003,ESG Multi-Asset Fund,Multi-Asset,MSCI World,2024-08-01,2024,Q3,545.12,1.737,0.002,173.5,14.74,0.39,0.85,0.003,9.39
F003,ESG Multi-Asset Fund,Multi-Asset,MSCI World,2024-09-01,2024,Q3,532.2,-3.221,1.023,-424.4,6.61,0.38,0.85,0.262,10.95
F003,ESG Multi-Asset Fund,Multi-Asset,MSCI World,2024-10-01,2024,Q4,557.04,1.924,1.479,44.5,-1.32,0.39,0.85,1.092,10.52
F003,ESG Multi-Asset Fund,Multi-Asset,MSCI World,2024-11-01,2024,Q4,562.4,-0.556,3.151,-370.7,-2.97,0.4,0.85,0.357,16.17
F003,ESG Multi-Asset Fund,Multi-Asset,MSCI World,2024-12-01,2024,Q4,560.77,-2.655,2.671,-532.6,4.6,0.4,0.85,0.666,13.42
F004,US Large Cap Fund,Equity,S&P 500,2022-01-01,2022,Q1,1137.61,2.153,-0.84,299.3,-1.12,0.62,0.65,0.924,18.85
F004,US Large Cap Fund,Equity,S&P 500,2022-02-01,2022,Q1,1189.4,4.255,1.929,232.6,-9.58,0.64,0.65,0.643,9.69
F004,US Large Cap Fund,Equity,S&P 500,2022-03-01,2022,Q1,1166.51,-1.559,-4.118,255.9,-3.95,0.63,0.65,0.847,19.49
F004,US Large Cap Fund,Equity,S&P 500,2022-04-01,2022,Q2,1148.62,-1.787,1.507,-329.4,-4.09,0.62,0.65,0.697,13.9
F004,US Large Cap Fund,Equity,S&P 500,2022-05-01,2022,Q2,1161.03,1.478,-3.623,510.1,3.37,0.63,0.65,0.468,15.63
F004,US Large Cap Fund,Equity,S&P 500,2022-06-01,2022,Q2,1205.36,3.683,2.047,163.6,7.38,0.65,0.65,0.972,18.87
F004,US Large Cap Fund,Equity,S&P 500,2022-07-01,2022,Q3,1283.85,6.637,1.118,551.9,1.03,0.7,0.65,0.602,19.04
F004,US Large Cap Fund,Equity,S&P 500,2022-08-01,2022,Q3,1293.35,0.31,2.691,-238.1,4.33,0.7,0.65,0.642,7.45
F004,US Large Cap Fund,Equity,S&P 500,2022-09-01,2022,Q3,1287.21,-0.155,3.01,-316.5,5.33,0.7,0.65,0.159,7.61
F004,US Large Cap Fund,Equity,S&P 500,2022-10-01,2022,Q4,1283.68,-0.648,-1.223,57.5,3.07,0.7,0.65,0.732,11.16
F004,US Large Cap Fund,Equity,S&P 500,2022-11-01,2022,Q4,1343.82,4.22,2.315,190.5,-9.77,0.73,0.65,1.37,7.68
F004,US Large Cap Fund,Equity,S&P 500,2022-12-01,2022,Q4,1337.87,-1.215,-1.701,48.6,-12.95,0.72,0.65,0.618,9.26
F004,US Large Cap Fund,Equity,S&P 500,2023-01-01,2023,Q1,1322.01,-0.954,-0.29,-66.4,-8.6,0.72,0.65,0.814,10.38
F004,US Large Cap Fund,Equity,S&P 500,2023-02-01,2023,Q1,1363.39,2.391,0.74,165.1,-1.08,0.74,0.65,0.771,7.28
F004,US Large Cap Fund,Equity,S&P 500,2023-03-01,2023,Q1,1335.84,-2.63,0.512,-314.2,2.03,0.72,0.65,0.147,10.1
F004,US Large Cap Fund,Equity,S&P 500,2023-04-01,2023,Q2,1240.07,-7.131,-1.081,-605.0,-0.6,0.67,0.65,1.026,16.86
F004,US Large Cap Fund,Equity,S&P 500,2023-05-01,2023,Q2,1232.25,-1.799,-4.494,269.5,6.6,0.67,0.65,0.337,11.42
F004,US Large Cap Fund,Equity,S&P 500,2023-06-01,2023,Q2,1249.55,1.308,-1.617,292.5,7.02,0.68,0.65,0.635,12.37
F004,US Large Cap Fund,Equity,S&P 500,2023-07-01,2023,Q3,1284.91,3.181,-0.303,348.4,1.86,0.7,0.65,0.476,8.8
F004,US Large Cap Fund,Equity,S&P 500,2023-08-01,2023,Q3,1303.77,1.775,4.763,-298.8,-8.21,0.71,0.65,0.841,16.64
F004,US Large Cap Fund,Equity,S&P 500,2023-09-01,2023,Q3,1298.33,-0.453,-1.329,87.6,2.12,0.7,0.65,0.527,9.05
F004,US Large Cap Fund,Equity,S&P 500,2023-10-01,2023,Q4,1328.59,1.793,-2.194,398.7,-0.12,0.72,0.65,0.862,12.16
F004,US Large Cap Fund,Equity,S&P 500,2023-11-01,2023,Q4,1360.55,1.657,1.549,10.8,5.52,0.74,0.65,0.868,10.65
F004,US Large Cap Fund,Equity,S&P 500,2023-12-01,2023,Q4,1329.64,-1.932,-2.633,70.1,8.96,0.72,0.65,1.088,8.22
F004,US Large Cap Fund,Equity,S&P 500,2024-01-01,2024,Q1,1299.79,-1.9,0.284,-218.4,-4.51,0.7,0.65,1.051,6.43
F004,US Large Cap Fund,Equity,S&P 500,2024-02-01,2024,Q1,1283.12,-1.704,0.896,-260.0,-2.95,0.7,0.65,0.479,14.1
F004,US Large Cap Fund,Equity,S&P 500,2024-03-01,2024,Q1,1294.49,0.481,3.433,-295.2,8.16,0.7,0.65,0.521,10.95
F004,US Large Cap Fund,Equity,S&P 500,2024-04-01,2024,Q2,1264.19,-3.129,-0.285,-284.4,6.22,0.68,0.65,0.563,9.93
F004,US Large Cap Fund,Equity,S&P 500,2024-05-01,2024,Q2,1292.09,1.14,0.55,59.0,-8.44,0.7,0.65,0.51,6.33
F004,US Large Cap Fund,Equity,S&P 500,2024-06-01,2024,Q2,1261.28,-2.422,0.815,-323.7,5.6,0.68,0.65,0.929,13.65
F004,US Large Cap Fund,Equity,S&P 500,2024-07-01,2024,Q3,1283.58,0.794,6.214,-542.0,8.79,0.7,0.65,0.377,7.55
F004,US Large Cap Fund,Equity,S&P 500,2024-08-01,2024,Q3,1296.01,0.342,0.046,29.6,-3.32,0.7,0.65,0.527,16.09
F004,US Large Cap Fund,Equity,S&P 500,2024-09-01,2024,Q3,1330.78,1.966,6.238,-427.2,-2.92,0.72,0.65,0.646,12.06
F004,US Large Cap Fund,Equity,S&P 500,2024-10-01,2024,Q4,1379.44,3.418,2.751,66.7,8.49,0.75,0.65,0.472,16.59
F004,US Large Cap Fund,Equity,S&P 500,2024-11-01,2024,Q4,1400.55,1.481,2.27,-78.9,0.08,0.76,0.65,0.289,18.76
F004,US Large Cap Fund,Equity,S&P 500,2024-12-01,2024,Q4,1383.6,-1.851,4.171,-602.2,7.76,0.75,0.65,0.388,15.38
F005,Infrastructure Debt Fund,Alternatives,CPI+4%,2022-01-01,2022,Q1,395.35,1.829,-1.719,354.8,8.24,0.4,1.2,0.29,10.07
F005,Infrastructure Debt Fund,Alternatives,CPI+4%,2022-02-01,2022,Q1,386.07,-2.166,-1.463,-70.3,7.79,0.39,1.2,0.923,10.51
F005,Infrastructure Debt Fund,Alternatives,CPI+4%,2022-03-01,2022,Q1,399.69,0.829,4.412,-358.3,10.46,0.4,1.2,0.204,15.52
F005,Infrastructure Debt Fund,Alternatives,CPI+4%,2022-04-01,2022,Q2,413.52,0.853,-1.083,193.6,5.33,0.41,1.2,0.705,9.76
F005,Infrastructure Debt Fund,Alternatives,CPI+4%,2022-05-01,2022,Q2,408.82,-1.305,-0.609,-69.6,1.92,0.41,1.2,0.377,8.64
F005,Infrastructure Debt Fund,Alternatives,CPI+4%,2022-06-01,2022,Q2,424.49,0.238,-1.729,196.7,-4.59,0.42,1.2,0.452,12.78
F005,Infrastructure Debt Fund,Alternatives,CPI+4%,2022-07-01,2022,Q3,418.05,-0.991,3.608,-459.9,2.0,0.42,1.2,1.008,15.58
F005,Infrastructure Debt Fund,Alternatives,CPI+4%,2022-08-01,2022,Q3,415.85,-0.635,2.785,-342.0,-3.27,0.42,1.2,0.767,10.73
F005,Infrastructure Debt Fund,Alternatives,CPI+4%,2022-09-01,2022,Q3,396.38,-3.607,1.347,-495.4,10.92,0.4,1.2,0.747,13.15
F005,Infrastructure Debt Fund,Alternatives,CPI+4%,2022-10-01,2022,Q4,433.94,6.744,1.48,526.4,-4.44,0.43,1.2,0.783,14.5
F005,Infrastructure Debt Fund,Alternatives,CPI+4%,2022-11-01,2022,Q4,434.28,1.206,2.986,-178.0,7.4,0.43,1.2,0.742,14.57
F005,Infrastructure Debt Fund,Alternatives,CPI+4%,2022-12-01,2022,Q4,422.16,-1.859,-1.66,-19.9,6.24,0.42,1.2,0.261,15.43
F005,Infrastructure Debt Fund,Alternatives,CPI+4%,2023-01-01,2023,Q1,426.72,-0.177,2.421,-259.8,2.23,0.43,1.2,0.789,7.01
F005,Infrastructure Debt Fund,Alternatives,CPI+4%,2023-02-01,2023,Q1,430.33,1.7,2.07,-37.0,-0.91,0.43,1.2,0.357,11.22
F005,Infrastructure Debt Fund,Alternatives,CPI+4%,2023-03-01,2023,Q1,457.15,2.835,-0.727,356.2,1.97,0.46,1.2,0.695,12.88
F005,Infrastructure Debt Fund,Alternatives,CPI+4%,2023-04-01,2023,Q2,448.09,-1.082,-1.774,69.2,-10.92,0.45,1.2,0.211,9.91
F005,Infrastructure Debt Fund,Alternatives,CPI+4%,2023-05-01,2023,Q2,471.84,2.793,-2.053,484.6,14.77,0.47,1.2,0.817,8.78
F005,Infrastructure Debt Fund,Alternatives,CPI+4%,2023-06-01,2023,Q2,492.82,1.315,1.992,-67.7,6.85,0.49,1.2,0.466,11.18
F005,Infrastructure Debt Fund,Alternatives,CPI+4%,2023-07-01,2023,Q3,495.94,0.299,-0.904,120.3,7.44,0.5,1.2,0.819,17.07
F005,Infrastructure Debt Fund,Alternatives,CPI+4%,2023-08-01,2023,Q3,504.91,-0.91,0.035,-94.5,0.46,0.5,1.2,0.204,11.13
F005,Infrastructure Debt Fund,Alternatives,CPI+4%,2023-09-01,2023,Q3,507.82,0.295,-2.707,300.2,12.31,0.51,1.2,0.827,10.11
F005,Infrastructure Debt Fund,Alternatives,CPI+4%,2023-10-01,2023,Q4,521.09,2.209,1.51,69.9,3.89,0.52,1.2,0.85,11.96
F005,Infrastructure Debt Fund,Alternatives,CPI+4%,2023-11-01,2023,Q4,557.07,4.789,3.226,156.3,-6.48,0.56,1.2,0.092,15.41
F005,Infrastructure Debt Fund,Alternatives,CPI+4%,2023-12-01,2023,Q4,573.93,2.55,0.939,161.1,7.69,0.57,1.2,0.339,9.76
F005,Infrastructure Debt Fund,Alternatives,CPI+4%,2024-01-01,2024,Q1,568.17,-1.977,-0.542,-143.5,-7.29,0.57,1.2,0.866,12.0
F005,Infrastructure Debt Fund,Alternatives,CPI+4%,2024-02-01,2024,Q1,576.24,1.383,-1.475,285.8,8.7,0.58,1.2,-0.141,16.44
F005,Infrastructure Debt Fund,Alternatives,CPI+4%,2024-03-01,2024,Q1,586.3,1.045,-0.278,132.3,8.98,0.59,1.2,0.489,17.16
F005,Infrastructure Debt Fund,Alternatives,CPI+4%,2024-04-01,2024,Q2,611.66,2.138,-0.563,270.1,4.4,0.61,1.2,0.885,6.93
F005,Infrastructure Debt Fund,Alternatives,CPI+4%,2024-05-01,2024,Q2,624.77,2.304,0.75,155.4,11.09,0.62,1.2,0.989,17.01
F005,Infrastructure Debt Fund,Alternatives,CPI+4%,2024-06-01,2024,Q2,628.46,0.4,2.191,-179.1,-1.51,0.63,1.2,1.048,11.98
F005,Infrastructure Debt Fund,Alternatives,CPI+4%,2024-07-01,2024,Q3,623.91,-1.973,0.5,-247.3,-9.49,0.62,1.2,0.767,7.41
F005,Infrastructure Debt Fund,Alternatives,CPI+4%,2024-08-01,2024,Q3,658.24,3.385,-0.881,426.6,20.95,0.66,1.2,0.771,12.7
F005,Infrastructure Debt Fund,Alternatives,CPI+4%,2024-09-01,2024,Q3,681.67,1.461,0.393,106.8,14.22,0.68,1.2,0.353,11.98
F005,Infrastructure Debt Fund,Alternatives,CPI+4%,2024-10-01,2024,Q4,697.66,2.584,0.204,238.0,11.34,0.7,1.2,0.785,11.17
F005,Infrastructure Debt Fund,Alternatives,CPI+4%,2024-11-01,2024,Q4,700.31,-1.27,-2.249,97.9,4.4,0.7,1.2,0.664,8.69
F005,Infrastructure Debt Fund,Alternatives,CPI+4%,2024-12-01,2024,Q4,698.58,-1.324,-2.049,72.5,7.71,0.7,1.2,0.495,21.71
F006,Short Duration Credit Fund,Fixed Income,UK Gilts,2022-01-01,2022,Q1,278.08,-2.799,-0.922,-187.7,-6.55,0.09,0.4,0.757,13.56
F006,Short Duration Credit Fund,Fixed Income,UK Gilts,2022-02-01,2022,Q1,279.75,1.459,1.619,-16.0,-13.81,0.09,0.4,0.429,15.73
F006,Short Duration Credit Fund,Fixed Income,UK Gilts,2022-03-01,2022,Q1,279.44,-0.399,0.203,-60.2,-6.26,0.09,0.4,0.88,12.09
F006,Short Duration Credit Fund,Fixed Income,UK Gilts,2022-04-01,2022,Q2,292.91,3.043,0.362,268.1,-1.25,0.1,0.4,0.357,11.57
F006,Short Duration Credit Fund,Fixed Income,UK Gilts,2022-05-01,2022,Q2,291.58,-0.216,0.992,-120.8,0.45,0.1,0.4,0.714,3.73
F006,Short Duration Credit Fund,Fixed Income,UK Gilts,2022-06-01,2022,Q2,303.01,-0.42,-2.553,213.3,-1.54,0.1,0.4,0.59,5.27
F006,Short Duration Credit Fund,Fixed Income,UK Gilts,2022-07-01,2022,Q3,296.95,-0.833,-1.31,47.7,-11.6,0.1,0.4,0.639,9.77
F006,Short Duration Credit Fund,Fixed Income,UK Gilts,2022-08-01,2022,Q3,310.98,4.124,-0.586,471.0,0.75,0.1,0.4,1.039,9.49
F006,Short Duration Credit Fund,Fixed Income,UK Gilts,2022-09-01,2022,Q3,315.53,0.929,-0.526,145.5,-6.72,0.11,0.4,0.695,8.22
F006,Short Duration Credit Fund,Fixed Income,UK Gilts,2022-10-01,2022,Q4,311.33,-1.642,2.252,-389.4,22.84,0.1,0.4,0.408,18.43
F006,Short Duration Credit Fund,Fixed Income,UK Gilts,2022-11-01,2022,Q4,311.51,-2.666,-0.158,-250.8,12.51,0.1,0.4,0.608,13.86
F006,Short Duration Credit Fund,Fixed Income,UK Gilts,2022-12-01,2022,Q4,314.08,-2.552,-2.003,-54.9,5.32,0.1,0.4,0.297,9.0
F006,Short Duration Credit Fund,Fixed Income,UK Gilts,2023-01-01,2023,Q1,311.13,-0.288,-1.375,108.7,1.15,0.1,0.4,0.593,13.83
F006,Short Duration Credit Fund,Fixed Income,UK Gilts,2023-02-01,2023,Q1,323.95,0.746,1.063,-31.7,11.98,0.11,0.4,1.096,8.11
F006,Short Duration Credit Fund,Fixed Income,UK Gilts,2023-03-01,2023,Q1,333.12,0.283,1.326,-104.3,-4.85,0.11,0.4,0.615,16.09
F006,Short Duration Credit Fund,Fixed Income,UK Gilts,2023-04-01,2023,Q2,350.6,2.588,1.427,116.1,-10.66,0.12,0.4,0.524,10.33
F006,Short Duration Credit Fund,Fixed Income,UK Gilts,2023-05-01,2023,Q2,355.49,1.172,2.385,-121.3,5.32,0.12,0.4,1.027,10.49
F006,Short Duration Credit Fund,Fixed Income,UK Gilts,2023-06-01,2023,Q2,366.37,2.329,-0.54,286.9,6.03,0.12,0.4,1.108,11.08
F006,Short Duration Credit Fund,Fixed Income,UK Gilts,2023-07-01,2023,Q3,376.82,2.327,0.493,183.4,-3.76,0.13,0.4,0.718,9.34
F006,Short Duration Credit Fund,Fixed Income,UK Gilts,2023-08-01,2023,Q3,381.58,-0.523,-0.368,-15.5,-2.1,0.13,0.4,0.668,17.95
F006,Short Duration Credit Fund,Fixed Income,UK Gilts,2023-09-01,2023,Q3,373.57,-1.316,1.681,-299.7,2.11,0.12,0.4,0.625,3.25
F006,Short Duration Credit Fund,Fixed Income,UK Gilts,2023-10-01,2023,Q4,382.87,-1.334,2.561,-389.5,-4.31,0.13,0.4,0.494,17.2
F006,Short Duration Credit Fund,Fixed Income,UK Gilts,2023-11-01,2023,Q4,399.73,0.817,-1.267,208.4,6.24,0.13,0.4,0.57,13.84
F006,Short Duration Credit Fund,Fixed Income,UK Gilts,2023-12-01,2023,Q4,419.95,1.496,-2.223,371.9,7.64,0.14,0.4,1.107,8.33
F006,Short Duration Credit Fund,Fixed Income,UK Gilts,2024-01-01,2024,Q1,442.0,1.731,3.579,-184.8,-6.99,0.15,0.4,0.572,19.23
F006,Short Duration Credit Fund,Fixed Income,UK Gilts,2024-02-01,2024,Q1,439.25,-0.655,0.728,-138.3,5.1,0.15,0.4,0.809,18.02
F006,Short Duration Credit Fund,Fixed Income,UK Gilts,2024-03-01,2024,Q1,452.64,0.102,-0.11,21.2,6.48,0.15,0.4,0.384,17.09
F006,Short Duration Credit Fund,Fixed Income,UK Gilts,2024-04-01,2024,Q2,458.15,1.281,0.806,47.5,7.41,0.15,0.4,0.665,2.08
F006,Short Duration Credit Fund,Fixed Income,UK Gilts,2024-05-01,2024,Q2,457.35,0.645,1.759,-111.4,7.04,0.15,0.4,0.795,8.08
F006,Short Duration Credit Fund,Fixed Income,UK Gilts,2024-06-01,2024,Q2,465.92,1.678,-0.906,258.4,5.71,0.16,0.4,0.518,10.14
F006,Short Duration Credit Fund,Fixed Income,UK Gilts,2024-07-01,2024,Q3,476.57,1.0,-0.31,131.0,-7.77,0.16,0.4,0.707,10.56
F006,Short Duration Credit Fund,Fixed Income,UK Gilts,2024-08-01,2024,Q3,484.74,-0.189,2.198,-238.7,-0.37,0.16,0.4,0.934,14.43
F006,Short Duration Credit Fund,Fixed Income,UK Gilts,2024-09-01,2024,Q3,495.05,1.804,-0.801,260.5,-1.94,0.17,0.4,0.634,13.46
F006,Short Duration Credit Fund,Fixed Income,UK Gilts,2024-10-01,2024,Q4,509.95,2.174,1.187,98.7,-6.2,0.17,0.4,0.91,13.58
F006,Short Duration Credit Fund,Fixed Income,UK Gilts,2024-11-01,2024,Q4,517.58,0.21,-0.675,88.5,9.06,0.17,0.4,0.715,23.81
F006,Short Duration Credit Fund,Fixed Income,UK Gilts,2024-12-01,2024,Q4,537.4,1.823,0.361,146.2,1.18,0.18,0.4,0.719,0.98
